{
  "id": "ebf3e2b0-8fec-4343-a636-1ccae445718b",
  "name": "Algorithm",
  "isOverridable": true,
  "entries": [
    {
      "value": "Decision Tree",
      "synonyms": [
        "Decision Tree",
        "Tree"
      ]
    },
    {
      "value": "Random Forest",
      "synonyms": [
        "Random Forest"
      ]
    },
    {
      "value": "Linear Regression",
      "synonyms": [
        "Linear Regression",
        "regression"
      ]
    },
    {
      "value": "K Means",
      "synonyms": [
        "K Means"
      ]
    }
  ],
  "isEnum": false,
  "automatedExpansion": false
}