{
  "id": "fcea1ec6-3407-4da4-93f5-217d0f28d291",
  "name": "categories",
  "isOverridable": true,
  "entries": [
    {
      "value": "planes",
      "synonyms": [
        "planes",
        "aeroplanes",
        "jets"
      ]
    },
    {
      "value": "ships",
      "synonyms": [
        "ships",
        "cruise",
        "aircraft carrier",
        "yacht"
      ]
    },
    {
      "value": "cars",
      "synonyms": [
        "cars",
        "vehicle",
        "sports car"
      ]
    },
    {
      "value": "buildings",
      "synonyms": [
        "buildings",
        "construction"
      ]
    },
    {
      "value": "plants",
      "synonyms": [
        "plants"
      ]
    }
  ],
  "isEnum": false,
  "automatedExpansion": false
}